ProductID,Cost Price,Holding Cost,Profit
1,44.0,4.4,11.0
2,44.0,4.4,11.0
3,44.0,4.4,11.0
4,44.0,4.4,11.0
5,44.0,4.4,11.0
6,44.0,4.4,11.0
7,44.0,4.4,11.0
8,44.0,4.4,11.0
9,44.0,4.4,11.0
10,44.0,4.4,11.0
11,44.0,4.4,11.0
12,44.0,4.4,11.0
13,44.0,4.4,11.0
14,44.0,4.4,11.0
15,44.0,4.4,11.0
16,44.0,4.4,11.0
17,44.0,4.4,11.0
18,44.0,4.4,11.0
19,44.0,4.4,11.0
20,44.0,4.4,11.0
21,44.0,4.4,11.0
22,44.0,4.4,11.0
23,44.0,4.4,11.0
24,44.0,4.4,11.0
25,44.0,4.4,11.0
26,44.0,4.4,11.0
27,44.0,4.4,11.0
28,44.0,4.4,11.0
29,44.0,4.4,11.0
30,44.0,4.4,11.0
31,44.0,4.4,11.0
32,44.0,4.4,11.0
33,44.0,4.4,11.0
34,44.0,4.4,11.0
35,44.0,4.4,11.0
36,44.0,4.4,11.0
37,44.0,4.4,11.0
38,44.0,4.4,11.0
39,44.0,4.4,11.0
40,44.0,4.4,11.0
41,44.0,4.4,11.0
42,44.0,4.4,11.0
43,44.0,4.4,11.0
44,44.0,4.4,11.0
45,44.0,4.4,11.0
46,44.0,4.4,11.0
47,44.0,4.4,11.0
48,44.0,4.4,11.0
49,44.0,4.4,11.0
50,44.0,4.4,11.0
51,30.0,3.0,7.5
52,30.0,3.0,7.5
53,44.0,4.4,11.0
54,44.0,4.4,11.0
55,44.0,4.4,11.0
56,44.0,4.4,11.0
57,30.0,3.0,7.5
58,44.0,4.4,11.0
59,44.0,4.4,11.0
60,44.0,4.4,11.0
61,30.0,3.0,7.5
62,30.0,3.0,7.5
63,30.0,3.0,7.5
64,30.0,3.0,7.5
65,30.0,3.0,7.5
66,30.0,3.0,7.5
67,30.0,3.0,7.5
68,30.0,3.0,7.5
69,30.0,3.0,7.5
70,30.0,3.0,7.5
71,30.0,3.0,7.5
72,30.0,3.0,7.5
73,30.0,3.0,7.5
74,30.0,3.0,7.5
75,30.0,3.0,7.5
76,30.0,3.0,7.5
77,30.0,3.0,7.5
78,30.0,3.0,7.5
79,30.0,3.0,7.5
80,30.0,3.0,7.5
81,30.0,3.0,7.5
82,30.0,3.0,7.5
83,30.0,3.0,7.5
84,30.0,3.0,7.5
85,30.0,3.0,7.5
86,30.0,3.0,7.5
87,30.0,3.0,7.5
88,30.0,3.0,7.5
89,30.0,3.0,7.5
90,30.0,3.0,7.5
91,44.0,4.4,11.0
92,44.0,4.4,11.0
93,44.0,4.4,11.0
94,30.0,3.0,7.5
95,44.0,4.4,11.0
96,44.0,4.4,11.0
97,44.0,4.4,11.0
98,44.0,4.4,11.0
99,30.0,3.0,7.5
100,30.0,3.0,7.5
101,44.0,4.4,11.0
102,44.0,4.4,11.0
103,30.0,3.0,7.5
104,44.0,4.4,11.0
105,30.0,3.0,7.5
106,30.0,3.0,7.5
107,30.0,3.0,7.5
108,30.0,3.0,7.5
109,30.0,3.0,7.5
110,30.0,3.0,7.5
111,30.0,3.0,7.5
112,30.0,3.0,7.5
113,30.0,3.0,7.5
114,30.0,3.0,7.5
115,30.0,3.0,7.5
116,30.0,3.0,7.5
117,30.0,3.0,7.5
118,30.0,3.0,7.5
119,30.0,3.0,7.5
120,30.0,3.0,7.5
121,30.0,3.0,7.5
122,30.0,3.0,7.5
123,30.0,3.0,7.5
124,30.0,3.0,7.5
125,30.0,3.0,7.5
126,30.0,3.0,7.5
127,30.0,3.0,7.5
128,30.0,3.0,7.5
129,44.0,4.4,11.0
130,44.0,4.4,11.0
131,44.0,4.4,11.0
132,44.0,4.4,11.0
133,44.0,4.4,11.0
134,44.0,4.4,11.0
135,44.0,4.4,11.0
136,44.0,4.4,11.0
137,44.0,4.4,11.0
138,44.0,4.4,11.0
139,44.0,4.4,11.0
140,44.0,4.4,11.0
141,44.0,4.4,11.0
142,44.0,4.4,11.0
143,44.0,4.4,11.0
144,44.0,4.4,11.0
145,44.0,4.4,11.0
146,44.0,4.4,11.0
147,44.0,4.4,11.0
148,44.0,4.4,11.0
149,44.0,4.4,11.0
150,44.0,4.4,11.0
151,44.0,4.4,11.0
152,44.0,4.4,11.0
153,44.0,4.4,11.0
154,44.0,4.4,11.0
155,44.0,4.4,11.0
156,44.0,4.4,11.0
157,44.0,4.4,11.0
158,44.0,4.4,11.0
159,44.0,4.4,11.0
160,44.0,4.4,11.0
161,44.0,4.4,11.0
162,44.0,4.4,11.0
163,44.0,4.4,11.0
164,44.0,4.4,11.0
165,44.0,4.4,11.0
166,44.0,4.4,11.0
167,44.0,4.4,11.0
168,44.0,4.4,11.0
169,44.0,4.4,11.0
170,44.0,4.4,11.0
171,44.0,4.4,11.0
172,44.0,4.4,11.0
173,44.0,4.4,11.0
174,44.0,4.4,11.0
175,44.0,4.4,11.0
176,44.0,4.4,11.0
177,44.0,4.4,11.0
178,44.0,4.4,11.0
179,44.0,4.4,11.0
180,44.0,4.4,11.0
181,20.0,2.0,5.0
182,20.0,2.0,5.0
183,20.0,2.0,5.0
184,20.0,2.0,5.0
185,20.0,2.0,5.0
186,20.0,2.0,5.0
187,20.0,2.0,5.0
188,20.0,2.0,5.0
189,20.0,2.0,5.0
190,20.0,2.0,5.0
191,20.0,2.0,5.0
192,20.0,2.0,5.0
193,20.0,2.0,5.0
194,20.0,2.0,5.0
195,20.0,2.0,5.0
196,20.0,2.0,5.0
197,20.0,2.0,5.0
198,20.0,2.0,5.0
199,20.0,2.0,5.0
200,20.0,2.0,5.0
201,20.0,2.0,5.0
202,20.0,2.0,5.0
203,20.0,2.0,5.0
204,20.0,2.0,5.0
205,20.0,2.0,5.0
206,20.0,2.0,5.0
207,20.0,2.0,5.0
208,20.0,2.0,5.0
209,20.0,2.0,5.0
210,20.0,2.0,5.0
211,5.992,0.5992,1.498
212,5.992,0.5992,1.498
213,5.992,0.5992,1.498
214,5.992,0.5992,1.498
215,5.992,0.5992,1.498
216,5.992,0.5992,1.498
217,5.992,0.5992,1.498
218,5.992,0.5992,1.498
219,5.992,0.5992,1.498
220,5.992,0.5992,1.498
221,5.992,0.5992,1.498
222,5.992,0.5992,1.498
223,5.992,0.5992,1.498
224,5.992,0.5992,1.498
225,5.992,0.5992,1.498
226,5.992,0.5992,1.498
227,5.992,0.5992,1.498
228,5.992,0.5992,1.498
229,5.992,0.5992,1.498
230,5.992,0.5992,1.498
231,5.992,0.5992,1.498
232,5.992,0.5992,1.498
233,5.992,0.5992,1.498
234,5.992,0.5992,1.498
235,5.992,0.5992,1.498
236,5.992,0.5992,1.498
237,5.992,0.5992,1.498
238,5.992,0.5992,1.498
239,5.992,0.5992,1.498
240,5.992,0.5992,1.498
241,17.5,1.75,7.5
242,17.5,1.75,7.5
243,17.5,1.75,7.5
244,17.5,1.75,7.5
245,17.5,1.75,7.5
246,17.5,1.75,7.5
247,17.5,1.75,7.5
248,17.5,1.75,7.5
249,17.5,1.75,7.5
250,17.5,1.75,7.5
251,17.5,1.75,7.5
252,17.5,1.75,7.5
253,17.5,1.75,7.5
254,17.5,1.75,7.5
255,17.5,1.75,7.5
256,17.5,1.75,7.5
257,17.5,1.75,7.5
258,17.5,1.75,7.5
259,17.5,1.75,7.5
260,17.5,1.75,7.5
261,17.5,1.75,7.5
262,17.5,1.75,7.5
263,17.5,1.75,7.5
264,17.5,1.75,7.5
265,17.5,1.75,7.5
266,17.5,1.75,7.5
267,17.5,1.75,7.5
268,17.5,1.75,7.5
269,17.5,1.75,7.5
270,17.5,1.75,7.5
271,13.3,1.33,5.7
272,13.3,1.33,5.7
273,13.3,1.33,5.7
274,13.3,1.33,5.7
275,13.3,1.33,5.7
276,13.3,1.33,5.7
277,13.3,1.33,5.7
278,13.3,1.33,5.7
279,13.3,1.33,5.7
280,13.3,1.33,5.7
281,13.3,1.33,5.7
282,13.3,1.33,5.7
283,13.3,1.33,5.7
284,13.3,1.33,5.7
285,13.3,1.33,5.7
286,13.3,1.33,5.7
287,13.3,1.33,5.7
288,13.3,1.33,5.7
289,13.3,1.33,5.7
290,13.3,1.33,5.7
291,13.3,1.33,5.7
292,13.3,1.33,5.7
293,13.3,1.33,5.7
294,13.3,1.33,5.7
295,13.3,1.33,5.7
296,13.3,1.33,5.7
297,13.3,1.33,5.7
298,13.3,1.33,5.7
299,13.3,1.33,5.7
300,13.3,1.33,5.7
301,15.2,1.52,3.8
302,15.2,1.52,3.8
303,15.2,1.52,3.8
304,10.4,1.04,2.6
305,31.6,3.16,7.9
306,30.0,3.0,7.5
307,10.4,1.04,2.6
308,10.4,1.04,2.6
309,10.4,1.04,2.6
310,10.4,1.04,2.6
311,10.4,1.04,2.6
312,10.4,1.04,2.6
313,10.4,1.04,2.6
314,31.6,3.16,7.9
315,15.2,1.52,3.8
316,10.4,1.04,2.6
317,31.6,3.16,7.9
318,15.2,1.52,3.8
319,10.4,1.04,2.6
320,15.2,1.52,3.8
321,31.6,3.16,7.9
322,10.4,1.04,2.6
323,10.4,1.04,2.6
324,15.2,1.52,3.8
325,15.2,1.52,3.8
326,10.4,1.04,2.6
327,31.6,3.16,7.9
328,31.6,3.16,7.9
329,10.4,1.04,2.6
330,31.6,3.16,7.9
331,11.2,1.12,2.8
332,16.8,1.68,4.2
333,16.8,1.68,4.2
334,16.8,1.68,4.2
335,16.8,1.68,4.2
336,16.8,1.68,4.2
337,11.2,1.12,2.8
338,16.8,1.68,4.2
339,11.2,1.12,2.8
340,23.2,2.32,5.8
341,23.2,2.32,5.8
342,11.2,1.12,2.8
343,11.2,1.12,2.8
344,11.2,1.12,2.8
345,16.8,1.68,4.2
346,16.8,1.68,4.2
347,11.2,1.12,2.8
348,11.2,1.12,2.8
349,16.8,1.68,4.2
350,16.8,1.68,4.2
351,16.8,1.68,4.2
352,16.8,1.68,4.2
353,11.2,1.12,2.8
354,11.2,1.12,2.8
355,16.8,1.68,4.2
356,16.8,1.68,4.2
357,16.8,1.68,4.2
358,11.2,1.12,2.8
359,23.2,2.32,5.8
360,16.8,1.68,4.2
361,24.0,2.4,6.0
362,24.0,2.4,6.0
363,24.0,2.4,6.0
364,24.0,2.4,6.0
365,32.0,3.2,8.0
366,32.0,3.2,8.0
367,24.0,2.4,6.0
368,24.0,2.4,6.0
369,32.0,3.2,8.0
370,32.0,3.2,8.0
371,24.0,2.4,6.0
372,24.0,2.4,6.0
373,32.0,3.2,8.0
374,32.0,3.2,8.0
375,43.2,4.32,10.8
376,24.0,2.4,6.0
377,24.0,2.4,6.0
378,32.0,3.2,8.0
379,24.0,2.4,6.0
380,31.6,3.16,7.9
381,24.0,2.4,6.0
382,32.0,3.2,8.0
383,31.6,3.16,7.9
384,24.0,2.4,6.0
385,31.6,3.16,7.9
386,24.0,2.4,6.0
387,32.0,3.2,8.0
388,12.8,1.28,3.2
389,12.8,1.28,3.2
390,12.8,1.28,3.2
391,28.0,2.8,7.0
392,12.8,1.28,3.2
393,12.8,1.28,3.2
394,28.0,2.8,7.0
395,31.6,3.16,7.9
396,28.0,2.8,7.0
397,43.2,4.32,10.8
398,12.8,1.28,3.2
399,12.8,1.28,3.2
400,12.8,1.28,3.2
401,12.8,1.28,3.2
402,31.6,3.16,7.9
403,12.8,1.28,3.2
404,12.8,1.28,3.2
405,12.8,1.28,3.2
406,12.8,1.28,3.2
407,28.0,2.8,7.0
408,12.8,1.28,3.2
409,28.0,2.8,7.0
410,28.0,2.8,7.0
411,12.8,1.28,3.2
412,12.8,1.28,3.2
413,28.0,2.8,7.0
414,12.8,1.28,3.2
415,12.8,1.28,3.2
416,28.0,2.8,7.0
417,43.2,4.32,10.8
418,31.6,3.16,7.9
419,12.8,1.28,3.2
420,28.0,2.8,7.0
421,22.0,2.2,5.5
422,31.6,3.16,7.9
423,22.0,2.2,5.5
424,22.0,2.2,5.5
425,22.0,2.2,5.5
426,22.0,2.2,5.5
427,22.0,2.2,5.5
428,22.0,2.2,5.5
429,18.4,1.84,4.6
430,13.6,1.36,3.4
431,22.0,2.2,5.5
432,22.0,2.2,5.5
433,19.6,1.96,4.9
434,22.0,2.2,5.5
435,22.0,2.2,5.5
436,13.6,1.36,3.4
437,22.0,2.2,5.5
438,13.6,1.36,3.4
439,22.0,2.2,5.5
440,22.0,2.2,5.5
441,22.0,2.2,5.5
442,22.0,2.2,5.5
443,22.0,2.2,5.5
444,22.0,2.2,5.5
445,22.0,2.2,5.5
446,22.0,2.2,5.5
447,22.0,2.2,5.5
448,22.0,2.2,5.5
449,22.0,2.2,5.5
450,13.6,1.36,3.4
451,19.6,1.96,4.9
452,9.6,0.96,2.4
453,9.6,0.96,2.4
454,15.2,1.52,3.8
455,15.2,1.52,3.8
456,15.2,1.52,3.8
457,9.6,0.96,2.4
458,15.2,1.52,3.8
459,9.6,0.96,2.4
460,9.6,0.96,2.4
461,9.6,0.96,2.4
462,9.6,0.96,2.4
463,19.6,1.96,4.9
464,15.2,1.52,3.8
465,9.6,0.96,2.4
466,15.2,1.52,3.8
467,9.6,0.96,2.4
468,15.2,1.52,3.8
469,9.6,0.96,2.4
470,9.6,0.96,2.4
471,15.2,1.52,3.8
472,9.6,0.96,2.4
473,9.6,0.96,2.4
474,9.6,0.96,2.4
475,19.6,1.96,4.9
476,15.2,1.52,3.8
477,9.6,0.96,2.4
478,15.2,1.52,3.8
479,9.6,0.96,2.4
480,9.6,0.96,2.4
481,5.592,0.5592,1.398
482,5.592,0.5592,1.398
483,5.592,0.5592,1.398
484,5.592,0.5592,1.398
485,5.592,0.5592,1.398
486,5.592,0.5592,1.398
487,5.592,0.5592,1.398
488,5.592,0.5592,1.398
489,5.592,0.5592,1.398
490,5.592,0.5592,1.398
491,5.592,0.5592,1.398
492,5.592,0.5592,1.398
493,5.592,0.5592,1.398
494,5.592,0.5592,1.398
495,5.592,0.5592,1.398
496,5.592,0.5592,1.398
497,5.592,0.5592,1.398
498,5.592,0.5592,1.398
499,5.592,0.5592,1.398
500,5.592,0.5592,1.398
501,5.592,0.5592,1.398
502,5.592,0.5592,1.398
503,5.592,0.5592,1.398
504,5.592,0.5592,1.398
505,5.592,0.5592,1.398
506,5.592,0.5592,1.398
507,5.592,0.5592,1.398
508,5.592,0.5592,1.398
509,5.592,0.5592,1.398
510,5.592,0.5592,1.398
511,43.2,4.32,10.8
512,43.2,4.32,10.8
513,43.2,4.32,10.8
514,31.6,3.16,7.9
515,43.2,4.32,10.8
516,43.2,4.32,10.8
517,43.2,4.32,10.8
518,31.6,3.16,7.9
519,43.2,4.32,10.8
520,31.6,3.16,7.9
521,43.2,4.32,10.8
522,43.2,4.32,10.8
523,43.2,4.32,10.8
524,31.6,3.16,7.9
525,43.2,4.32,10.8
526,43.2,4.32,10.8
527,31.6,3.16,7.9
528,43.2,4.32,10.8
529,43.2,4.32,10.8
530,43.2,4.32,10.8
531,43.2,4.32,10.8
532,31.6,3.16,7.9
533,43.2,4.32,10.8
534,31.6,3.16,7.9
535,43.2,4.32,10.8
536,31.6,3.16,7.9
537,43.2,4.32,10.8
538,31.6,3.16,7.9
539,43.2,4.32,10.8
540,43.2,4.32,10.8
541,39.865,3.9865,17.085
542,45.5,4.55,19.5
543,45.5,4.55,19.5
544,45.5,4.55,19.5
545,39.865,3.9865,17.085
546,31.5,3.15,13.5
547,45.5,4.55,19.5
548,31.5,3.15,13.5
549,31.5,3.15,13.5
550,45.5,4.55,19.5
551,45.5,4.55,19.5
552,45.5,4.55,19.5
553,31.5,3.15,13.5
554,31.5,3.15,13.5
555,39.865,3.9865,17.085
556,39.865,3.9865,17.085
557,45.5,4.55,19.5
558,39.865,3.9865,17.085
559,45.5,4.55,19.5
560,45.5,4.55,19.5
561,45.5,4.55,19.5
562,45.5,4.55,19.5
563,45.5,4.55,19.5
564,31.5,3.15,13.5
565,45.5,4.55,19.5
566,45.5,4.55,19.5
567,31.5,3.15,13.5
568,39.865,3.9865,17.085
569,45.5,4.55,19.5
570,31.5,3.15,13.5
571,39.96,3.996,9.99
572,39.96,3.996,9.99
573,31.6,3.16,7.9
574,31.6,3.16,7.9
575,39.96,3.996,9.99
576,39.96,3.996,9.99
577,39.96,3.996,9.99
578,39.96,3.996,9.99
579,39.96,3.996,9.99
580,39.96,3.996,9.99
581,39.96,3.996,9.99
582,39.96,3.996,9.99
583,39.96,3.996,9.99
584,39.96,3.996,9.99
585,31.6,3.16,7.9
586,39.96,3.996,9.99
587,39.96,3.996,9.99
588,39.96,3.996,9.99
589,39.96,3.996,9.99
590,31.6,3.16,7.9
591,39.96,3.996,9.99
592,39.96,3.996,9.99
593,39.96,3.996,9.99
594,39.96,3.996,9.99
595,39.96,3.996,9.99
596,39.96,3.996,9.99
597,39.96,3.996,9.99
598,39.96,3.996,9.99
599,39.96,3.996,9.99
600,39.96,3.996,9.99
601,49.5,4.95,5.5
602,49.5,4.95,5.5
603,49.5,4.95,5.5
604,49.5,4.95,5.5
605,49.5,4.95,5.5
606,49.5,4.95,5.5
607,49.5,4.95,5.5
608,49.5,4.95,5.5
609,49.5,4.95,5.5
610,49.5,4.95,5.5
611,49.5,4.95,5.5
612,49.5,4.95,5.5
613,49.5,4.95,5.5
614,49.5,4.95,5.5
615,49.5,4.95,5.5
616,49.5,4.95,5.5
617,49.5,4.95,5.5
618,49.5,4.95,5.5
619,49.5,4.95,5.5
620,49.5,4.95,5.5
621,49.5,4.95,5.5
622,49.5,4.95,5.5
623,49.5,4.95,5.5
624,49.5,4.95,5.5
625,49.5,4.95,5.5
626,49.5,4.95,5.5
627,49.5,4.95,5.5
628,49.5,4.95,5.5
629,49.5,4.95,5.5
630,49.5,4.95,5.5
631,49.5,4.95,5.5
632,49.5,4.95,5.5
633,49.5,4.95,5.5
634,49.5,4.95,5.5
635,49.5,4.95,5.5
636,49.5,4.95,5.5
637,49.5,4.95,5.5
638,49.5,4.95,5.5
639,49.5,4.95,5.5
640,49.5,4.95,5.5
641,49.5,4.95,5.5
642,49.5,4.95,5.5
643,49.5,4.95,5.5
644,49.5,4.95,5.5
645,49.5,4.95,5.5
646,49.5,4.95,5.5
647,49.5,4.95,5.5
648,49.5,4.95,5.5
649,49.5,4.95,5.5
650,49.5,4.95,5.5
651,49.5,4.95,5.5
652,49.5,4.95,5.5
653,49.5,4.95,5.5
654,49.5,4.95,5.5
655,49.5,4.95,5.5
656,49.5,4.95,5.5
657,49.5,4.95,5.5
658,49.5,4.95,5.5
659,49.5,4.95,5.5
660,49.5,4.95,5.5
661,37.8,3.78,16.2
662,37.8,3.78,16.2
663,37.8,3.78,16.2
664,37.8,3.78,16.2
665,37.8,3.78,16.2
666,37.8,3.78,16.2
667,37.8,3.78,16.2
668,37.8,3.78,16.2
669,37.8,3.78,16.2
670,37.8,3.78,16.2
671,37.8,3.78,16.2
672,37.8,3.78,16.2
673,37.8,3.78,16.2
674,37.8,3.78,16.2
675,37.8,3.78,16.2
676,37.8,3.78,16.2
677,37.8,3.78,16.2
678,37.8,3.78,16.2
679,37.8,3.78,16.2
680,37.8,3.78,16.2
681,37.8,3.78,16.2
682,37.8,3.78,16.2
683,37.8,3.78,16.2
684,37.8,3.78,16.2
685,37.8,3.78,16.2
686,37.8,3.78,16.2
687,37.8,3.78,16.2
688,37.8,3.78,16.2
689,37.8,3.78,16.2
690,37.8,3.78,16.2
691,37.8,3.78,16.2
692,37.8,3.78,16.2
693,37.8,3.78,16.2
694,37.8,3.78,16.2
695,37.8,3.78,16.2
696,37.8,3.78,16.2
697,37.8,3.78,16.2
698,37.8,3.78,16.2
699,37.8,3.78,16.2
700,37.8,3.78,16.2
701,37.8,3.78,16.2
702,37.8,3.78,16.2
703,37.8,3.78,16.2
704,37.8,3.78,16.2
705,37.8,3.78,16.2
706,37.8,3.78,16.2
707,37.8,3.78,16.2
708,37.8,3.78,16.2
709,37.8,3.78,16.2
710,37.8,3.78,16.2
711,37.8,3.78,16.2
712,37.8,3.78,16.2
713,37.8,3.78,16.2
714,37.8,3.78,16.2
715,37.8,3.78,16.2
716,37.8,3.78,16.2
717,37.8,3.78,16.2
718,37.8,3.78,16.2
719,37.8,3.78,16.2
720,37.8,3.78,16.2
721,42.0,4.2,18.0
722,42.0,4.2,18.0
723,42.0,4.2,18.0
724,42.0,4.2,18.0
725,42.0,4.2,18.0
726,42.0,4.2,18.0
727,42.0,4.2,18.0
728,42.0,4.2,18.0
729,42.0,4.2,18.0
730,42.0,4.2,18.0
731,42.0,4.2,18.0
732,42.0,4.2,18.0
733,42.0,4.2,18.0
734,42.0,4.2,18.0
735,42.0,4.2,18.0
736,42.0,4.2,18.0
737,42.0,4.2,18.0
738,42.0,4.2,18.0
739,42.0,4.2,18.0
740,42.0,4.2,18.0
741,42.0,4.2,18.0
742,42.0,4.2,18.0
743,42.0,4.2,18.0
744,42.0,4.2,18.0
745,42.0,4.2,18.0
746,42.0,4.2,18.0
747,42.0,4.2,18.0
748,42.0,4.2,18.0
749,42.0,4.2,18.0
750,42.0,4.2,18.0
751,42.0,4.2,18.0
752,42.0,4.2,18.0
753,42.0,4.2,18.0
754,42.0,4.2,18.0
755,42.0,4.2,18.0
756,42.0,4.2,18.0
757,42.0,4.2,18.0
758,42.0,4.2,18.0
759,42.0,4.2,18.0
760,42.0,4.2,18.0
761,42.0,4.2,18.0
762,42.0,4.2,18.0
763,42.0,4.2,18.0
764,42.0,4.2,18.0
765,42.0,4.2,18.0
766,42.0,4.2,18.0
767,42.0,4.2,18.0
768,42.0,4.2,18.0
769,42.0,4.2,18.0
770,42.0,4.2,18.0
771,42.0,4.2,18.0
772,42.0,4.2,18.0
773,42.0,4.2,18.0
774,42.0,4.2,18.0
775,42.0,4.2,18.0
776,42.0,4.2,18.0
777,42.0,4.2,18.0
778,42.0,4.2,18.0
779,42.0,4.2,18.0
780,42.0,4.2,18.0
781,34.965,3.4965,14.985
782,34.965,3.4965,14.985
783,34.965,3.4965,14.985
784,34.965,3.4965,14.985
785,34.965,3.4965,14.985
786,34.965,3.4965,14.985
787,34.965,3.4965,14.985
788,34.965,3.4965,14.985
789,34.965,3.4965,14.985
790,34.965,3.4965,14.985
791,34.965,3.4965,14.985
792,34.965,3.4965,14.985
793,34.965,3.4965,14.985
794,34.965,3.4965,14.985
795,34.965,3.4965,14.985
796,34.965,3.4965,14.985
797,34.965,3.4965,14.985
798,34.965,3.4965,14.985
799,34.965,3.4965,14.985
800,34.965,3.4965,14.985
801,34.965,3.4965,14.985
802,34.965,3.4965,14.985
803,34.965,3.4965,14.985
804,34.965,3.4965,14.985
805,34.965,3.4965,14.985
806,34.965,3.4965,14.985
807,34.965,3.4965,14.985
808,34.965,3.4965,14.985
809,34.965,3.4965,14.985
810,34.965,3.4965,14.985
811,34.965,3.4965,14.985
812,34.965,3.4965,14.985
813,34.965,3.4965,14.985
814,34.965,3.4965,14.985
815,27.65,2.765,11.85
816,34.965,3.4965,14.985
817,34.965,3.4965,14.985
818,34.965,3.4965,14.985
819,27.65,2.765,11.85
820,34.965,3.4965,14.985
821,27.65,2.765,11.85
822,34.965,3.4965,14.985
823,34.965,3.4965,14.985
824,34.965,3.4965,14.985
825,34.965,3.4965,14.985
826,27.65,2.765,11.85
827,34.965,3.4965,14.985
828,34.965,3.4965,14.985
829,27.65,2.765,11.85
830,34.965,3.4965,14.985
831,27.65,2.765,11.85
832,34.965,3.4965,14.985
833,27.65,2.765,11.85
834,34.965,3.4965,14.985
835,34.965,3.4965,14.985
836,34.965,3.4965,14.985
837,34.965,3.4965,14.985
838,34.965,3.4965,14.985
839,34.965,3.4965,14.985
840,27.65,2.765,11.85
841,39.865,3.9865,17.085
842,45.5,4.55,19.5
843,45.5,4.55,19.5
844,39.865,3.9865,17.085
845,45.5,4.55,19.5
846,45.5,4.55,19.5
847,39.865,3.9865,17.085
848,39.865,3.9865,17.085
849,45.5,4.55,19.5
850,45.5,4.55,19.5
851,39.865,3.9865,17.085
852,39.865,3.9865,17.085
853,45.5,4.55,19.5
854,39.865,3.9865,17.085
855,45.5,4.55,19.5
856,39.865,3.9865,17.085
857,45.5,4.55,19.5
858,45.5,4.55,19.5
859,39.865,3.9865,17.085
860,39.865,3.9865,17.085
861,39.865,3.9865,17.085
862,45.5,4.55,19.5
863,39.865,3.9865,17.085
864,39.865,3.9865,17.085
865,45.5,4.55,19.5
866,45.5,4.55,19.5
867,45.5,4.55,19.5
868,45.5,4.55,19.5
869,45.5,4.55,19.5
870,39.865,3.9865,17.085
871,39.865,3.9865,17.085
872,45.5,4.55,19.5
873,45.5,4.55,19.5
874,39.865,3.9865,17.085
875,39.865,3.9865,17.085
876,45.5,4.55,19.5
877,39.865,3.9865,17.085
878,45.5,4.55,19.5
879,45.5,4.55,19.5
880,39.865,3.9865,17.085
881,39.865,3.9865,17.085
882,39.865,3.9865,17.085
883,39.865,3.9865,17.085
884,45.5,4.55,19.5
885,45.5,4.55,19.5
886,45.5,4.55,19.5
887,39.865,3.9865,17.085
888,39.865,3.9865,17.085
889,39.865,3.9865,17.085
890,45.5,4.55,19.5
891,39.865,3.9865,17.085
892,39.865,3.9865,17.085
893,45.5,4.55,19.5
894,45.5,4.55,19.5
895,39.865,3.9865,17.085
896,39.865,3.9865,17.085
897,45.5,4.55,19.5
898,39.865,3.9865,17.085
899,45.5,4.55,19.5
900,45.5,4.55,19.5
901,45.5,4.55,19.5
902,45.5,4.55,19.5
903,31.5,3.15,13.5
904,45.5,4.55,19.5
905,31.5,3.15,13.5
906,45.5,4.55,19.5
907,45.5,4.55,19.5
908,45.5,4.55,19.5
909,31.5,3.15,13.5
910,45.5,4.55,19.5
911,45.5,4.55,19.5
912,31.5,3.15,13.5
913,31.5,3.15,13.5
914,45.5,4.55,19.5
915,31.5,3.15,13.5
916,45.5,4.55,19.5
917,31.5,3.15,13.5
918,31.5,3.15,13.5
919,45.5,4.55,19.5
920,31.5,3.15,13.5
921,31.5,3.15,13.5
922,31.5,3.15,13.5
923,45.5,4.55,19.5
924,31.5,3.15,13.5
925,45.5,4.55,19.5
926,31.5,3.15,13.5
927,45.5,4.55,19.5
928,45.5,4.55,19.5
929,45.5,4.55,19.5
930,45.5,4.55,19.5
931,45.5,4.55,19.5
932,45.5,4.55,19.5
933,45.5,4.55,19.5
934,45.5,4.55,19.5
935,45.5,4.55,19.5
936,45.5,4.55,19.5
937,45.5,4.55,19.5
938,45.5,4.55,19.5
939,45.5,4.55,19.5
940,45.5,4.55,19.5
941,45.5,4.55,19.5
942,45.5,4.55,19.5
943,45.5,4.55,19.5
944,45.5,4.55,19.5
945,45.5,4.55,19.5
946,45.5,4.55,19.5
947,45.5,4.55,19.5
948,45.5,4.55,19.5
949,45.5,4.55,19.5
950,45.5,4.55,19.5
951,45.5,4.55,19.5
952,45.5,4.55,19.5
953,45.5,4.55,19.5
954,45.5,4.55,19.5
955,45.5,4.55,19.5
956,45.5,4.55,19.5
957,45.5,4.55,19.5
958,45.5,4.55,19.5
959,45.5,4.55,19.5
960,45.5,4.55,19.5
961,38.5,3.85,16.5
962,38.5,3.85,16.5
963,38.5,3.85,16.5
964,38.5,3.85,16.5
965,38.5,3.85,16.5
966,38.5,3.85,16.5
967,38.5,3.85,16.5
968,38.5,3.85,16.5
969,38.5,3.85,16.5
970,38.5,3.85,16.5
971,38.5,3.85,16.5
972,38.5,3.85,16.5
973,38.5,3.85,16.5
974,38.5,3.85,16.5
975,38.5,3.85,16.5
976,38.5,3.85,16.5
977,38.5,3.85,16.5
978,38.5,3.85,16.5
979,38.5,3.85,16.5
980,38.5,3.85,16.5
981,38.5,3.85,16.5
982,38.5,3.85,16.5
983,38.5,3.85,16.5
984,38.5,3.85,16.5
985,38.5,3.85,16.5
986,38.5,3.85,16.5
987,38.5,3.85,16.5
988,38.5,3.85,16.5
989,38.5,3.85,16.5
990,38.5,3.85,16.5
991,38.5,3.85,16.5
992,38.5,3.85,16.5
993,38.5,3.85,16.5
994,38.5,3.85,16.5
995,38.5,3.85,16.5
996,38.5,3.85,16.5
997,38.5,3.85,16.5
998,38.5,3.85,16.5
999,38.5,3.85,16.5
1000,38.5,3.85,16.5
1001,38.5,3.85,16.5
1002,38.5,3.85,16.5
1003,38.5,3.85,16.5
1004,38.5,3.85,16.5
1005,38.5,3.85,16.5
1006,38.5,3.85,16.5
1007,38.5,3.85,16.5
1008,38.5,3.85,16.5
1009,38.5,3.85,16.5
1010,38.5,3.85,16.5
1011,38.5,3.85,16.5
1012,38.5,3.85,16.5
1013,38.5,3.85,16.5
1014,38.5,3.85,16.5
1015,38.5,3.85,16.5
1016,38.5,3.85,16.5
1017,38.5,3.85,16.5
1018,38.5,3.85,16.5
1019,38.5,3.85,16.5
1020,38.5,3.85,16.5
1021,45.5,4.55,19.5
1022,45.5,4.55,19.5
1023,45.5,4.55,19.5
1024,45.5,4.55,19.5
1025,45.5,4.55,19.5
1026,45.5,4.55,19.5
1027,45.5,4.55,19.5
1028,45.5,4.55,19.5
1029,45.5,4.55,19.5
1030,45.5,4.55,19.5
1031,31.5,3.15,13.5
1032,45.5,4.55,19.5
1033,45.5,4.55,19.5
1034,45.5,4.55,19.5
1035,45.5,4.55,19.5
1036,45.5,4.55,19.5
1037,31.5,3.15,13.5
1038,45.5,4.55,19.5
1039,45.5,4.55,19.5
1040,31.5,3.15,13.5
1041,45.5,4.55,19.5
1042,45.5,4.55,19.5
1043,45.5,4.55,19.5
1044,45.5,4.55,19.5
1045,31.5,3.15,13.5
1046,45.5,4.55,19.5
1047,45.5,4.55,19.5
1048,45.5,4.55,19.5
1049,45.5,4.55,19.5
1050,45.5,4.55,19.5
1051,38.5,3.85,16.5
1052,38.5,3.85,16.5
1053,38.5,3.85,16.5
1054,38.5,3.85,16.5
1055,38.5,3.85,16.5
1056,38.5,3.85,16.5
1057,38.5,3.85,16.5
1058,38.5,3.85,16.5
1059,38.5,3.85,16.5
1060,38.5,3.85,16.5
1061,38.5,3.85,16.5
1062,38.5,3.85,16.5
1063,38.5,3.85,16.5
1064,38.5,3.85,16.5
1065,38.5,3.85,16.5
1066,38.5,3.85,16.5
1067,38.5,3.85,16.5
1068,38.5,3.85,16.5
1069,38.5,3.85,16.5
1070,38.5,3.85,16.5
1071,38.5,3.85,16.5
1072,38.5,3.85,16.5
1073,38.5,3.85,16.5
1074,38.5,3.85,16.5
1075,38.5,3.85,16.5
1076,38.5,3.85,16.5
1077,38.5,3.85,16.5
1078,38.5,3.85,16.5
1079,38.5,3.85,16.5
1080,38.5,3.85,16.5
